﻿Response ID,Date submitted,Last page,Start language,Seed,IP address,Please enter your personal information. [Prolific ID][],Please enter your personal information. [Educational status][],Please enter your personal information. [Gender][],Please enter your personal information. [Age][],Please enter your personal information. [Country][], [People always have the ability to do otherwise.]," [Everything that has ever happened had to happen precisely as it did, given what happened before.]", [The fact that we have souls that are distinct from our material bodies is what makes humans unique.], [People always have free will.]," [Every event that has ever occurred, including human decisions and actions, was completely determined by prior events.]", [Human action can only be understood in terms of our souls and minds and not just in terms of our brains.], [How people’s lives unfold is completely up to them.], [People’s choices and actions must happen precisely the way they do because of the laws of nature and the way things were in the distant past.], [Each person has a non-physical essence that makes that person unique.], [People ultimately have complete control over their decisions and their actions.], [A supercomputer that could know everything about the way the universe is now could know everything about the way the universe will be in the future.], [The human mind cannot simply be reduced to the brain.], [People have free will even when their choices are completely limited by external circumstances.]," [Given the way things were at the Big Bang, there is only one way for everything to happen in the universe after that.]", [The human mind is more than just a complicated biological machine.],What was the core theme of the first text that you read in the beginning of this study?, [How restrictive do you experience the measures in your region?], [How much are you personally affected by these measures?], [How uncomfortable do you feel about these measures?],Total time,Group time: Demographics,Question time: D001,Group time: Scale 1,Question time: FWI,Group time: Scale 2,Question time: C01,Group time: Scale 3,Question time: COVID1,Question time: COVID2,Question time: COVID3
2,1/1/1980 0:00,4,en,949072263,84.102.93.160,5ea4cba9be6bbd31c9266459,Student,male,18,France,Somewhat agree,Neither agree nor disagree,Disagree,Somewhat agree,Somewhat disagree,Strongly disagree,Somewhat agree,Disagree,Disagree,Somewhat agree,Somewhat disagree,Somewhat agree,Somewhat agree,Disagree,Somewhat agree,"In the postscript, Francis Crick outlines the difficulties involved in the scientific investigation of consciousness.",Very restrictive,Very affected,Slightly uncomfortable,230.57,32.21,,104.95,,63.79,,29.62,,,
3,1/1/1980 0:00,4,en,843320743,79.235.118.11,5d91fc3c0c32c9001972493c,a-level,male,19,Germany,Somewhat agree,Strongly disagree,Neither agree nor disagree,Somewhat agree,Disagree,Neither agree nor disagree,Somewhat disagree,Disagree,Neither agree nor disagree,Somewhat agree,Disagree,Disagree,Somewhat disagree,Disagree,Disagree,"In the postscript, Francis Crick outlines the difficulties involved in the scientific investigation of consciousness.",Very restrictive,Affected,Neutral,181.26,29.48,,118.94,,15.95,,16.89,,,
4,1/1/1980 0:00,4,en,950799091,84.33.135.79,5b28d61252af8f000180ea84,Bachelor,female,26,Italy,Somewhat agree,Neither agree nor disagree,Somewhat disagree,Neither agree nor disagree,Disagree,Disagree,Agree,Somewhat agree,Agree,Neither agree nor disagree,Disagree,Strongly agree,Neither agree nor disagree,Neither agree nor disagree,Strongly agree,"In the postscript, Francis Crick outlines the difficulties involved in the scientific investigation of consciousness.",Extremely restrictive,Extremely affected,Neutral,274.51,19.79,,172.27,,32.84,,49.61,,,
5,1/1/1980 0:00,4,en,2046349537,46.193.3.139,5d53ed11c1f6fc0018c07813,Msc,Male,23,France,Somewhat agree,Somewhat disagree,Neither agree nor disagree,Somewhat disagree,Somewhat agree,Somewhat disagree,Disagree,Somewhat disagree,Somewhat disagree,Somewhat agree,Neither agree nor disagree,Somewhat disagree,Somewhat disagree,Disagree,Agree,"In the postscript, Francis Crick outlines the difficulties involved in the scientific investigation of consciousness.",Restrictive,Slightly affected,Neutral,130.64,13.59,,87.09,,15.42,,14.54,,,
6,1/1/1980 0:00,4,en,719106911,89.36.67.48,5de585e4040f535067ca331e,Postgraduate degree,Female,27,United Kingdom,Agree,Neither agree nor disagree,Neither agree nor disagree,Somewhat disagree,Neither agree nor disagree,Somewhat agree,Somewhat agree,Somewhat disagree,Agree,Agree,Neither agree nor disagree,Somewhat agree,Agree,Disagree,Neither agree nor disagree,"In the postscript, Francis Crick outlines the difficulties involved in the scientific investigation of consciousness.",Slightly restrictive,Affected,Slightly uncomfortable,229.4,25.26,,146.76,,22.93,,34.45,,,
7,1/1/1980 0:00,4,en,1658101313,79.168.75.46,5ea5a9df788bae58eb1bb32f,high school,female,21,Portugal,Somewhat agree,Strongly agree,Neither agree nor disagree,Somewhat agree,Strongly agree,Agree,Somewhat disagree,Somewhat agree,Strongly agree,Somewhat agree,Somewhat agree,Neither agree nor disagree,Somewhat disagree,Strongly disagree,Strongly agree,"In the postscript, Francis Crick outlines the difficulties involved in the scientific investigation of consciousness.",Very restrictive,Affected,Not at all uncomfortable,484.31,23.29,,368.23,,29.56,,63.23,,,
9,1/1/1980 0:00,4,en,1034432319,131.117.213.199,5d531cd93c38f100016b53f9,high school degree,male,40,Czechia,Strongly agree,Somewhat agree,Somewhat disagree,Somewhat agree,Somewhat disagree,Somewhat agree,Agree,Somewhat disagree,Somewhat agree,Somewhat agree,Somewhat disagree,Strongly agree,Somewhat agree,Somewhat disagree,Agree,"In the postscript, Francis Crick outlines the difficulties involved in the scientific investigation of consciousness.",Extremely restrictive,Not at all affected,Not at all uncomfortable,434.5,49.47,,214.88,,144.15,,26,,,
10,1/1/1980 0:00,4,en,1554352086,91.198.89.73,5dd6a775e426bd627cb2a7f3,high school,female,20,Poland,Agree,Disagree,Neither agree nor disagree,Disagree,Agree,Somewhat agree,Somewhat disagree,Somewhat agree,Somewhat disagree,Somewhat agree,Strongly disagree,Somewhat agree,Neither agree nor disagree,Somewhat agree,Somewhat agree,"In the postscript, Francis Crick outlines the difficulties involved in the scientific investigation of consciousness.",Very restrictive,Extremely affected,Very uncomfortable,193.68,47.34,,95.74,,24.38,,26.22,,,
11,1/1/1980 0:00,4,en,916242730,80.107.61.122,5e99ceb77e5c4b0416ebf946,high school,male,19,Greece,Strongly agree,Strongly agree,Strongly disagree,Somewhat disagree,Agree,Agree,Neither agree nor disagree,Strongly disagree,Neither agree nor disagree,Disagree,Strongly disagree,Somewhat disagree,Disagree,Somewhat disagree,Strongly disagree,"In the postscript, Francis Crick outlines the difficulties involved in the scientific investigation of consciousness.",Very restrictive,Very affected,Slightly uncomfortable,448.95,68.73,,199.23,,152.92,,28.07,,,
12,1/1/1980 0:00,4,en,284491047,85.244.64.90,5dd69d82710dfc61d0dbd5d8,Master degree,female,25,Portugal,Somewhat disagree,Somewhat agree,Agree,Somewhat agree,Neither agree nor disagree,Strongly agree,Neither agree nor disagree,Neither agree nor disagree,Agree,Neither agree nor disagree,Somewhat agree,Agree,Somewhat agree,Neither agree nor disagree,Agree,"In the postscript, Francis Crick outlines the difficulties involved in the scientific investigation of consciousness.",Very restrictive,Very affected,Very uncomfortable,184.91,31.58,,103.15,,30.37,,19.81,,,
