﻿Response ID,Date submitted,Last page,Start language,Seed,IP address,Please enter your personal information. [Prolific ID][],Please enter your personal information. [Educational status][],Please enter your personal information. [Gender][],Please enter your personal information. [Age][],Please enter your personal information. [Country][], [People always have the ability to do otherwise.]," [Everything that has ever happened had to happen precisely as it did, given what happened before.]", [The fact that we have souls that are distinct from our material bodies is what makes humans unique.], [People always have free will.]," [Every event that has ever occurred, including human decisions and actions, was completely determined by prior events.]", [Human action can only be understood in terms of our souls and minds and not just in terms of our brains.], [How people’s lives unfold is completely up to them.], [People’s choices and actions must happen precisely the way they do because of the laws of nature and the way things were in the distant past.], [Each person has a non-physical essence that makes that person unique.], [People ultimately have complete control over their decisions and their actions.], [A supercomputer that could know everything about the way the universe is now could know everything about the way the universe will be in the future.], [The human mind cannot simply be reduced to the brain.], [People have free will even when their choices are completely limited by external circumstances.]," [Given the way things were at the Big Bang, there is only one way for everything to happen in the universe after that.]", [The human mind is more than just a complicated biological machine.],What was the core theme of the first text that you read in the beginning of this study?, [How restrictive do you experience the measures in your region?], [How much are you personally affected by these measures?], [How uncomfortable do you feel about these measures?],Total time,Group time: Demographics,Question time: D001,Group time: Scale 1,Question time: FWI,Group time: Scale2,Question time: AF01,Group time: Scale 3,Question time: COVID1,Question time: COVID2,Question time: COVID3
3,1/1/1980 0:00,4,en,97434826,193.80.71.156,5d613f46888f91001776e680,Universtiy ,Female,29,Austria,Somewhat agree,Neither agree nor disagree,Somewhat agree,Somewhat disagree,Neither agree nor disagree,Somewhat agree,Somewhat agree,Disagree,Agree,Neither agree nor disagree,Disagree,Strongly agree,Somewhat agree,Disagree,Somewhat agree,"In the postscript, Francis Crick argues that free will is an illusion.",Very restrictive,Slightly affected,Not at all uncomfortable,136.62,16.44,,85.84,,18.03,,16.31,,,
4,1/1/1980 0:00,4,en,2138888011,173.178.135.124,5980e76aa18e3c0001babdf8,PhD,Male,31,Canada,Agree,Disagree,Somewhat agree,Agree,Disagree,Somewhat agree,Agree,Disagree,Somewhat agree,Agree,Disagree,Somewhat agree,Agree,Disagree,Somewhat agree,"In the postscript, Francis Crick argues that free will is an illusion.",Very restrictive,Affected,Not at all uncomfortable,185,27.49,,111.05,,20.36,,26.1,,,
5,1/1/1980 0:00,4,en,286033346,194.31.35.245,5dc0856370d51c032949d2db,BA,Male,25,Poland,Somewhat agree,Neither agree nor disagree,Strongly disagree,Somewhat agree,Neither agree nor disagree,Strongly disagree,Somewhat disagree,Somewhat disagree,Strongly disagree,Neither agree nor disagree,Strongly disagree,Disagree,Somewhat disagree,Strongly disagree,Strongly disagree,"In the postscript, Francis Crick argues that free will is an illusion.",Very restrictive,Affected,Slightly uncomfortable,151.74,27.68,,87.64,,15.49,,20.93,,,
6,1/1/1980 0:00,4,en,850096473,37.248.153.60,5ea5ed72e863495e212d4d95,High School graduate,Male,30,Poland,Agree,Somewhat agree,Strongly agree,Agree,Somewhat disagree,Disagree,Agree,Disagree,Somewhat agree,Somewhat disagree,Somewhat agree,Disagree,Somewhat agree,Agree,Strongly agree,"In the postscript, Francis Crick argues that science demonstrates that free will exists.",Very restrictive,Very affected,Extremely uncomfortable,297.3,76.99,,145.9,,26.5,,47.91,,,
7,1/1/1980 0:00,4,en,662005152,5.54.182.240,5d14f4afcc9ce80001c2b6be,High school,Female,22,Greece,Agree,Somewhat disagree,Neither agree nor disagree,Somewhat agree,Somewhat disagree,Somewhat agree,Neither agree nor disagree,Neither agree nor disagree,Somewhat disagree,Somewhat agree,Somewhat agree,Agree,Somewhat disagree,Neither agree nor disagree,Agree,"In the postscript, Francis Crick argues that free will is an illusion.",Very restrictive,Affected,Not at all uncomfortable,308.85,30.19,,210.48,,40.07,,28.11,,,
8,1/1/1980 0:00,4,en,1258838261,79.55.219.215,5e7a76e9aae916029e286f84,Double Master Degree,Female,24,Italy,Strongly agree,Somewhat agree,Disagree,Agree,Somewhat disagree,Strongly disagree,Somewhat agree,Disagree,Neither agree nor disagree,Somewhat agree,Somewhat disagree,Disagree,Neither agree nor disagree,Strongly disagree,Somewhat agree,"In the postscript, Francis Crick argues that free will is an illusion.",Extremely restrictive,Very affected,Not at all uncomfortable,296.28,31.77,,194.83,,31.43,,38.25,,,
9,1/1/1980 0:00,4,en,39526297,83.220.106.253,5d7238d1ed8e57000105dbd9,i've finished school,male,20,poland,Agree,Neither agree nor disagree,Agree,Agree,Somewhat agree,Agree,Agree,Agree,Agree,Somewhat agree,Somewhat agree,Somewhat agree,Agree,Somewhat agree,Agree,"In the postscript, Francis Crick argues that science demonstrates that free will exists.",Very restrictive,Affected,Neutral,112.9,30.12,,34.38,,35.39,,13.01,,,
10,1/1/1980 0:00,4,en,955413595,95.150.120.150,5df7d65a9195c6576d70c841,bachelors degree ,female,21,United Kingdom,Somewhat agree,Disagree,Neither agree nor disagree,Somewhat disagree,Disagree,Somewhat agree,Disagree,Disagree,Strongly agree,Disagree,Neither agree nor disagree,Neither agree nor disagree,Agree,Strongly disagree,Agree,"In the postscript, Francis Crick argues that free will is an illusion.",Slightly restrictive,Affected,Very uncomfortable,338.91,64.1,,174.69,,57.54,,42.58,,,
11,1/1/1980 0:00,4,en,271038278,31.48.157.122,5e9f5b1969874d0acf8a48c4,A-Levels,Female,20,U.K.,Disagree,Disagree,Neither agree nor disagree,Disagree,Somewhat disagree,Somewhat agree,Somewhat disagree,Disagree,Somewhat agree,Disagree,Strongly disagree,Neither agree nor disagree,Somewhat agree,Neither agree nor disagree,Agree,"In the postscript, Francis Crick argues that science demonstrates that free will exists.",Restrictive,Affected,Slightly uncomfortable,210.68,24.07,,121.1,,41.82,,23.69,,,
